question,answer
How can I reduce electricity usage at home?,"Use LED bulbs, unplug appliances, and turn off lights when not needed."
What are some alternatives to plastic straws?,"Use stainless steel, bamboo, or silicone straws instead of plastic ones."
Can I recycle pizza boxes?,Only if they are clean; greasy parts should go in the compost or trash.
How do I recycle old clothes?,"Donate to charity, use textile recycling, or repurpose as rags."
What are biodegradable utensils made of?,"They are usually made from bamboo, cornstarch, or palm leaves."
What is e-waste?,"E-waste refers to discarded electronic devices like phones, laptops, and TVs."
How to dispose of e-waste responsibly?,Take e-waste to certified recycling centers or manufacturer take-back programs.
What is the 3R principle?,"Reduce, Reuse, Recycle."
How to make my home eco-friendly?,"Use natural cleaners, energy-efficient appliances, and compost organic waste."
What are zero-waste products?,"Products designed to be reused or composted, leaving no waste behind."
Can I recycle Tetra Pak cartons?,"Yes, if your local facility accepts them; rinse and flatten before recycling."
How can I use greywater at home?,"Reuse for flushing toilets or watering gardens, but avoid on edible plants."
Are paper towels compostable?,"Yes, if they are unbleached and free from chemicals or food residue."
What are green cleaning products?,"Natural, biodegradable cleaners made from ingredients like vinegar and baking soda."
How to reduce water waste in the bathroom?,Install low-flow fixtures and fix leaking taps.
Can bubble wrap be recycled?,"Yes, at special plastic film recycling bins in some grocery stores."
Are compostable bags better than plastic?,"Yes, they break down naturally and are made from plant-based materials."
What’s an eco-friendly way to pack lunch?,"Use reusable containers, stainless steel boxes, and beeswax wraps."
What is upcycling?,Turning old items into something new and useful instead of discarding them.
Can I recycle plastic bottle caps?,"Yes, but check local recycling rules—some ask to remove them first."
How to reduce packaging waste while shopping online?,Choose sellers offering minimal or plastic-free packaging.
What’s the best way to recycle old books?,"Donate to libraries, schools, or recycle as mixed paper."
How to recycle batteries in India?,Drop them at authorized e-waste centers or manufacturer collection points.
Can I recycle toothpaste tubes?,Only if they’re recyclable; some brands offer take-back programs.
What is the difference between biodegradable and compostable?,Biodegradable breaks down naturally; compostable turns into nutrient-rich compost.
What are eco-friendly menstrual products?,"Menstrual cups, cloth pads, and biodegradable pads are sustainable alternatives."
Are plastic bags recyclable?,"Some are, at specific soft plastic recycling facilities—not in curbside bins."
Can I compost tea bags?,"Yes, if they are plastic-free (made of paper or silk)."
How to reuse glass jars creatively?,"Use them for storage, DIY decor, planters, or candle holders."
What’s the impact of single-use plastic on the environment?,"It contributes to pollution, harms marine life, and takes centuries to decompose."
question,answer
How can I reduce plastic waste?,Use reusable cloth bags and metal water bottles instead of plastic.
What’s the best way to recycle paper?,"Keep it dry and clean, and put it in a paper recycling bin."
How do I compost at home?,Use a compost bin to turn food scraps and garden waste into fertilizer.
Can I recycle aluminum foil?,Only if it’s clean and not contaminated with food.
What’s an eco-friendly toothbrush?,Bamboo toothbrushes are biodegradable and sustainable.
How to reduce food waste?,Meal planning and storing food properly helps reduce waste.
What is greywater?,Lightly used water from sinks or showers that can be reused for plants.
Are all plastics recyclable?,"No, only some are. Check the recycling code on the item."
What’s a sustainable way to shop?,"Buy local, in bulk, and avoid single-use packaging."
Can glass be recycled?,"Yes, glass is 100% recyclable and can be reused indefinitely."
,
What is a carbon footprint?,It’s the total amount of greenhouse gases produced by your daily activities.
How can I reduce my carbon footprint?,"Use public transport, reduce meat consumption, and save energy at home."
What is sustainable fashion?,Clothing made using eco-friendly materials and ethical labor practices.
How to shop sustainably?,"Buy only what you need, support local brands, and choose reusable packaging."
What are green certifications to look for in products?,"Look for labels like Energy Star, USDA Organic, Fair Trade, and FSC Certified."
Is using air conditioning bad for the environment?,"Yes, it increases energy use and carbon emissions—use fans and natural cooling methods."
Can I compost cooked food?,"Small amounts are fine, but avoid oily or meat-based scraps in home composting."
How can I recycle mobile phones?,Drop them at official e-waste collection centers or return them to manufacturers.
How to conserve water in the garden?,"Use drip irrigation, mulch, and water early morning or late evening."
What are the benefits of riding a bicycle?,"Reduces emissions, improves health, and saves money."
Can I recycle shampoo bottles?,"Yes, if cleaned and made from recyclable plastic (usually types 1 and 2)."
What is fast fashion and why is it harmful?,"It's cheap, trendy clothing that leads to waste, pollution, and labor issues."
What is slow fashion?,"Ethical clothing that is sustainable, high-quality, and long-lasting."
How can I reduce energy use in the kitchen?,"Use pressure cookers, keep fridge doors closed, and cook in batches."
What is greenwashing?,When companies falsely market products as eco-friendly to attract consumers.
How can I travel sustainably?,"Choose trains over flights, stay in eco-lodges, and carry reusable items."
What are energy-efficient appliances?,"Devices that use less electricity to perform the same function, saving energy and money."
Why should we avoid bottled water?,It creates plastic waste—use filtered tap water and refillable bottles.
What are some eco-friendly pet care tips?,"Use biodegradable poop bags, natural shampoos, and sustainable food brands."
How to dispose of cooking oil properly?,Store used oil in a sealed container and drop it at a recycling facility—never pour it down the drain.
Are cloth diapers better for the environment?,"Yes, they reduce landfill waste and are reusable."
How to reduce paper use at work?,"Use digital notes, print double-sided, and recycle old paper."
What is an eco-friendly mattress?,"Made from organic cotton, latex, or recycled materials without harmful chemicals."
How to build a zero-waste kit?,"Include a reusable water bottle, straw, bag, and food container."
Why should I buy in bulk?,It reduces packaging waste and is often more economical.
What is the problem with palm oil?,Its production leads to deforestation and habitat loss—choose sustainably sourced palm oil.
How to reduce waste during festivals?,"Avoid plastic decor, use reusable plates, and compost leftovers."
What are examples of renewable energy?,"Solar, wind, hydroelectric, and geothermal energy."
Can broken glass be recycled?,Only if it's clean and not mixed with ceramics or mirrors—check local recycling rules.
What is the best way to store leftovers sustainably?,"Use glass containers, beeswax wraps, or stainless steel boxes instead of plastic wrap."
